[
	{
		"pkg": "@capawesome-team/capacitor-file-opener",
		"classpath": "io.capawesome.capacitorjs.plugins.fileopener.FileOpenerPlugin"
	},
	{
		"pkg": "@capacitor/app",
		"classpath": "com.capacitorjs.plugins.app.AppPlugin"
	},
	{
		"pkg": "@capacitor-firebase/firestore",
		"classpath": "io.capawesome.capacitorjs.plugins.firebase.firestore.FirebaseFirestorePlugin"
	},
	{
		"pkg": "@capacitor/filesystem",
		"classpath": "com.capacitorjs.plugins.filesystem.FilesystemPlugin"
	},
	{
		"pkg": "@capacitor/share",
		"classpath": "com.capacitorjs.plugins.share.SharePlugin"
	}
]
